{
  "timestamp": "2023-12-14T18:35:02.773951Z",
  "actual_level": {
    "percent": 36.11593627166205,
    "liters": 1.4098000187388369
  },
  "valve_state": true
}