{
  "timestamp": "2023-12-14T16:34:18.303213Z",
  "actual_level": {
    "percent": 36.36626569790704,
    "liters": 1.4195717280240803
  },
  "valve_state": false
}